﻿<?xml version="1.0" encoding="utf-8"?>
<app type="complex" access="777">
  <version type="unsignedInt" length="4">14</version>
  <os_version type="hexBinary" length="8">000500101000400A</os_version>
  <title_id type="hexBinary" length="8">000500025CC5FFC6</title_id>
  <title_version type="hexBinary" length="2">0001</title_version>
  <sdk_version type="unsignedInt" length="4">20811</sdk_version>
  <app_type type="hexBinary" length="4">80000000</app_type>
  <group_id type="hexBinary" length="4">00006840</group_id>
</app>